year,type,age,number_reported,number_passed,passing_rate
2006,Cars,1,455,432,94.9
2006,Cars,2,1082,1026,94.8
2006,Cars,3,73558,68432,93
2006,Cars,4,627,560,89.3
2006,Cars,5,17963,16716,93.1
2006,Cars,6,231,209,90.5
2006,Cars,7,4751,4377,92.1
2006,Cars,8,231,212,91.8
2006,Cars,9,2010,1859,92.5
2006,Cars,10,869,763,87.8
2006,Cars,>10,35443,29226,82.5
2006,Motorcycles,1,343,329,95.9
2006,Motorcycles,2,577,541,93.8
2006,Motorcycles,3,16235,15066,92.8
2006,Motorcycles,4,15695,14686,93.6
2006,Motorcycles,5,12434,11456,92.1
2006,Motorcycles,6,9436,8720,92.4
2006,Motorcycles,7,7353,6819,92.7
2006,Motorcycles,8,6261,5793,92.5
2006,Motorcycles,9,4441,4128,93
2006,Motorcycles,10,2589,2396,92.5
2006,Motorcycles,>10,27628,25300,91.6
2006,Scheduled Buses,1,39,39,100
2006,Scheduled Buses,2,36,36,100
2006,Scheduled Buses,3,33,33,100
2006,Scheduled Buses,4,47,47,100
2006,Scheduled Buses,5,131,131,100
2006,Scheduled Buses,6,203,203,100
2006,Scheduled Buses,7,137,137,100
2006,Scheduled Buses,8,130,130,100
2006,Scheduled Buses,9,269,269,100
2006,Scheduled Buses,10,519,519,100
2006,Scheduled Buses,>10,2285,2285,100
2006,Other Buses,1,870,743,85.4
2006,Other Buses,2,723,624,86.3
2006,Other Buses,3,751,656,87.4
2006,Other Buses,4,614,520,84.7
2006,Other Buses,5,966,808,83.6
2006,Other Buses,6,894,743,83.1
2006,Other Buses,7,771,611,79.2
2006,Other Buses,8,715,543,75.9
2006,Other Buses,9,659,502,76.2
2006,Other Buses,10,823,592,71.9
2006,Other Buses,>10,4859,3386,69.7
2006,Taxis,1,20609,20571,99.8
2006,Taxis,2,11478,11466,99.9
2006,Taxis,3,4580,4579,100
2006,Taxis,4,4542,4528,99.7
2006,Taxis,5,938,913,97.3
2006,Taxis,6,412,383,93
2006,Taxis,7,115,98,85.2
2006,Taxis,8,0,0,0
2006,Taxis,9,0,0,0
2006,Taxis,10,0,0,0
2006,Taxis,>10,0,0,0
2006,Goods & Other Vehicles,1,17067,15235,89.3
2006,Goods & Other Vehicles,2,16437,14495,88.2
2006,Goods & Other Vehicles,3,15176,13232,87.2
2006,Goods & Other Vehicles,4,9672,8232,85.1
2006,Goods & Other Vehicles,5,14441,12082,83.7
2006,Goods & Other Vehicles,6,16216,13747,84.8
2006,Goods & Other Vehicles,7,7940,6512,82
2006,Goods & Other Vehicles,8,8194,6588,80.4
2006,Goods & Other Vehicles,9,5401,4221,78.2
2006,Goods & Other Vehicles,10,9822,7574,77.1
2006,Goods & Other Vehicles,>10,39429,31331,79.5
2007,Cars,1,233,224,96.13733906
2007,Cars,2,2870,2778,96.79442509
2007,Cars,3,87144,82155,94.27499311
2007,Cars,4,378,364,96.2962963
2007,Cars,5,14737,13928,94.51041596
2007,Cars,6,209,192,91.86602871
2007,Cars,7,4432,4174,94.17870036
2007,Cars,8,120,104,86.66666667
2007,Cars,9,2793,2574,92.15896885
2007,Cars,10,676,598,88.46153846
2007,Cars,>10,28402,23840,83.93775086
2007,Motorcycles,1,211,200,94.78672986
2007,Motorcycles,2,976,928,95.08196721
2007,Motorcycles,3,13051,12262,93.95448625
2007,Motorcycles,4,14595,13734,94.10071942
2007,Motorcycles,5,15653,14735,94.13530953
2007,Motorcycles,6,12017,11211,93.29283515
2007,Motorcycles,7,8760,8106,92.53424658
2007,Motorcycles,8,6753,6286,93.08455501
2007,Motorcycles,9,5644,5292,93.76328845
2007,Motorcycles,10,3173,2951,93.00346675
2007,Motorcycles,>10,26109,24234,92.81856831
2007,Scheduled Buses,1,132,131,99.24242424
2007,Scheduled Buses,2,12,12,100
2007,Scheduled Buses,3,68,66,97.05882353
2007,Scheduled Buses,4,48,48,100
2007,Scheduled Buses,5,120,120,100
2007,Scheduled Buses,6,186,185,99.46236559
2007,Scheduled Buses,7,162,159,98.14814815
2007,Scheduled Buses,8,130,130,100
2007,Scheduled Buses,9,201,200,99.50248756
2007,Scheduled Buses,10,343,334,97.37609329
2007,Scheduled Buses,>10,2907,2900,99.75920193
2007,Other Buses,1,885,794,89.71751412
2007,Other Buses,2,751,657,87.48335553
2007,Other Buses,3,726,608,83.74655647
2007,Other Buses,4,710,595,83.8028169
2007,Other Buses,5,635,518,81.57480315
2007,Other Buses,6,821,668,81.36419001
2007,Other Buses,7,905,729,80.55248619
2007,Other Buses,8,689,518,75.18142235
2007,Other Buses,9,658,490,74.46808511
2007,Other Buses,10,840,602,71.66666667
2007,Other Buses,>10,4998,3433,68.68747499
2007,Taxis,1,11473,11459,99.87797437
2007,Taxis,2,14681,14672,99.93869627
2007,Taxis,3,10587,10582,99.95277227
2007,Taxis,4,3600,3588,99.66666667
2007,Taxis,5,637,623,97.8021978
2007,Taxis,6,284,246,86.61971831
2007,Taxis,7,144,116,0
2007,Taxis,8,0,0,0
2007,Taxis,9,0,0,0
2007,Taxis,10,0,0,0
2007,Taxis,>10,0,0,0
2007,Goods & Other Vehicles,1,16285,14564,89.43199263
2007,Goods & Other Vehicles,2,15162,13247,87.36974014
2007,Goods & Other Vehicles,3,16291,13904,85.34773801
2007,Goods & Other Vehicles,4,14353,12160,84.72096426
2007,Goods & Other Vehicles,5,9656,8036,83.22286661
2007,Goods & Other Vehicles,6,11705,9299,79.44468176
2007,Goods & Other Vehicles,7,16340,13497,82.60097919
2007,Goods & Other Vehicles,8,7788,6078,78.0431433
2007,Goods & Other Vehicles,9,8222,6459,78.55752858
2007,Goods & Other Vehicles,10,7024,5491,78.17482916
2007,Goods & Other Vehicles,>10,44705,34282,76.68493457
2008,Cars,1,203,199,98.02955665
2008,Cars,2,317,303,95.58359621
2008,Cars,3,108163,102291,94.5711565
2008,Cars,4,462,435,94.15584416
2008,Cars,5,28807,27385,95.0636998
2008,Cars,6,248,227,91.53225806
2008,Cars,7,8579,8064,93.99696934
2008,Cars,8,86,81,94.18604651
2008,Cars,9,1695,1586,93.56932153
2008,Cars,10,60,56,93.33333333
2008,Cars,>10,24411,20714,84.85518823
2008,Motorcycles,1,81,77,95.0617284
2008,Motorcycles,2,256,244,95.3125
2008,Motorcycles,3,12543,11792,94.01259667
2008,Motorcycles,4,11941,11275,94.42257767
2008,Motorcycles,5,14386,13554,94.21659947
2008,Motorcycles,6,15462,14607,94.47031432
2008,Motorcycles,7,11523,10727,93.09207672
2008,Motorcycles,8,8192,7609,92.88330078
2008,Motorcycles,9,6087,5665,93.06719238
2008,Motorcycles,10,3887,3619,93.10522254
2008,Motorcycles,>10,26159,24310,92.93168699
2008,Scheduled Buses,1,178,178,100
2008,Scheduled Buses,2,101,101,100
2008,Scheduled Buses,3,12,12,100
2008,Scheduled Buses,4,43,43,100
2008,Scheduled Buses,5,56,56,100
2008,Scheduled Buses,6,57,57,100
2008,Scheduled Buses,7,179,179,100
2008,Scheduled Buses,8,184,184,100
2008,Scheduled Buses,9,110,110,100
2008,Scheduled Buses,10,140,140,100
2008,Scheduled Buses,>10,3104,3104,100
2008,Other Buses,1,774,717,92.63565891
2008,Other Buses,2,790,718,90.88607595
2008,Other Buses,3,773,705,91.20310479
2008,Other Buses,4,723,641,88.65836791
2008,Other Buses,5,690,602,87.24637681
2008,Other Buses,6,581,502,86.40275387
2008,Other Buses,7,843,703,83.39264531
2008,Other Buses,8,880,751,85.34090909
2008,Other Buses,9,696,568,81.6091954
2008,Other Buses,10,1025,820,80
2008,Other Buses,>10,6022,4642,77.08402524
2008,Taxis,1,11082,11078,99.96390543
2008,Taxis,2,10857,10852,99.95394676
2008,Taxis,3,14994,14988,99.95998399
2008,Taxis,4,9368,9365,99.96797609
2008,Taxis,5,872,866,99.31192661
2008,Taxis,6,315,301,95.55555556
2008,Taxis,7,160,140,87.5
2008,Taxis,8,0,0,0
2008,Taxis,9,0,0,0
2008,Taxis,10,0,0,0
2008,Taxis,>10,0,0,0
2008,Goods & Other Vehicles,1,13839,12866,92.96914517
2008,Goods & Other Vehicles,2,14423,13346,92.53276017
2008,Goods & Other Vehicles,3,15722,14297,90.93626765
2008,Goods & Other Vehicles,4,16540,14794,89.44377267
2008,Goods & Other Vehicles,5,14704,13063,88.83977149
2008,Goods & Other Vehicles,6,8693,7632,87.79477741
2008,Goods & Other Vehicles,7,11923,10190,85.46506752
2008,Goods & Other Vehicles,8,16436,14116,85.88464347
2008,Goods & Other Vehicles,9,7591,6347,83.61217231
2008,Goods & Other Vehicles,10,10231,8518,83.25676864
2008,Goods & Other Vehicles,>10,51635,43096,83.4627675
2009,Cars,1,219,214,97.71689498
2009,Cars,2,373,350,93.83378016
2009,Cars,3,116702,109209,93.5793731
2009,Cars,4,623,597,95.82664526
2009,Cars,5,49737,47091,94.68001689
2009,Cars,6,195,179,91.79487179
2009,Cars,7,6941,6591,94.95749892
2009,Cars,8,150,140,93.33333333
2009,Cars,9,2150,2013,93.62790698
2009,Cars,10,52,45,86.53846154
2009,Cars,>10,20997,17863,85.0740582
2009,Motorcycles,1,97,94,96.90721649
2009,Motorcycles,2,227,213,93.83259912
2009,Motorcycles,3,11656,10680,91.62663006
2009,Motorcycles,4,11617,10981,94.5252647
2009,Motorcycles,5,11686,11013,94.2409721
2009,Motorcycles,6,14143,13330,94.25157322
2009,Motorcycles,7,14878,14099,94.76408119
2009,Motorcycles,8,10645,9938,93.35838422
2009,Motorcycles,9,7365,6860,93.14324508
2009,Motorcycles,10,4145,3844,92.73823884
2009,Motorcycles,>10,26949,25122,93.22052766
2009,Scheduled Buses,1,550,547,99.45454545
2009,Scheduled Buses,2,175,173,98.85714286
2009,Scheduled Buses,3,124,123,99.19354839
2009,Scheduled Buses,4,13,13,100
2009,Scheduled Buses,5,42,41,97.61904762
2009,Scheduled Buses,6,53,52,98.11320755
2009,Scheduled Buses,7,58,57,98.27586207
2009,Scheduled Buses,8,162,153,94.44444444
2009,Scheduled Buses,9,182,172,94.50549451
2009,Scheduled Buses,10,117,117,100
2009,Scheduled Buses,>10,2874,2699,93.91092554
2009,Other Buses,1,1158,1038,89.6373057
2009,Other Buses,2,755,694,91.9205298
2009,Other Buses,3,813,739,90.89790898
2009,Other Buses,4,765,682,89.1503268
2009,Other Buses,5,699,610,87.26752504
2009,Other Buses,6,689,598,86.79245283
2009,Other Buses,7,553,485,87.7034358
2009,Other Buses,8,819,684,83.51648352
2009,Other Buses,9,869,714,82.16340621
2009,Other Buses,10,951,752,79.07465825
2009,Other Buses,>10,6640,5172,77.89156627
2009,Taxis,1,8829,8816,99.85275796
2009,Taxis,2,7544,7529,99.80116649
2009,Taxis,3,10200,10168,99.68627451
2009,Taxis,4,13878,13801,99.44516501
2009,Taxis,5,5083,5035,99.05567578
2009,Taxis,6,496,482,97.17741935
2009,Taxis,7,57,47,0
2009,Taxis,8,0,0,0
2009,Taxis,9,0,0,0
2009,Taxis,10,0,0,0
2009,Taxis,>10,0,0,0
2009,Goods & Other Vehicles,1,10841,9993,92.17784337
2009,Goods & Other Vehicles,2,13466,12291,91.27432051
2009,Goods & Other Vehicles,3,14224,12940,90.97300337
2009,Goods & Other Vehicles,4,15510,13782,88.85880077
2009,Goods & Other Vehicles,5,16372,14406,87.99169313
2009,Goods & Other Vehicles,6,14247,12393,86.98673405
2009,Goods & Other Vehicles,7,8227,7101,86.31335845
2009,Goods & Other Vehicles,8,11506,9689,84.20823918
2009,Goods & Other Vehicles,9,15797,13360,84.57302019
2009,Goods & Other Vehicles,10,10909,8954,82.07901733
2009,Goods & Other Vehicles,>10,58564,48690,83.13981285
2010,Cars,1,214,208,97.19626168
2010,Cars,2,434,410,94.47004608
2010,Cars,3,106442,99220,93.21508427
2010,Cars,4,1006,923,91.74950298
2010,Cars,5,91338,86028,94.18642843
2010,Cars,6,377,359,95.22546419
2010,Cars,7,16075,15226,94.718507
2010,Cars,8,140,129,92.14285714
2010,Cars,9,4535,4201,92.63506064
2010,Cars,10,40,37,92.5
2010,Cars,>10,18523,15722,84.87825946
2010,Motorcycles,1,92,88,95.65217391
2010,Motorcycles,2,186,177,95.16129032
2010,Motorcycles,3,11027,10006,90.74090868
2010,Motorcycles,4,11039,10204,92.43590905
2010,Motorcycles,5,11495,10868,94.54545455
2010,Motorcycles,6,11369,10730,94.3794529
2010,Motorcycles,7,13859,13124,94.69658706
2010,Motorcycles,8,14207,13379,94.1718871
2010,Motorcycles,9,9673,9076,93.82818154
2010,Motorcycles,10,5025,4746,94.44776119
2010,Motorcycles,>10,28504,26718,93.73421274
2010,Scheduled Buses,1,756,752,99.47089947
2010,Scheduled Buses,2,552,552,100
2010,Scheduled Buses,3,220,220,100
2010,Scheduled Buses,4,116,116,100
2010,Scheduled Buses,5,11,11,100
2010,Scheduled Buses,6,43,43,100
2010,Scheduled Buses,7,47,46,97.87234043
2010,Scheduled Buses,8,58,56,96.55172414
2010,Scheduled Buses,9,179,175,97.76536313
2010,Scheduled Buses,10,188,177,94.14893617
2010,Scheduled Buses,>10,2613,2308,88.32759281
2010,Other Buses,1,986,869,88.13387424
2010,Other Buses,2,1141,1002,87.81770377
2010,Other Buses,3,758,664,87.59894459
2010,Other Buses,4,789,699,88.59315589
2010,Other Buses,5,770,660,85.71428571
2010,Other Buses,6,695,595,85.61151079
2010,Other Buses,7,655,542,82.7480916
2010,Other Buses,8,539,431,79.96289425
2010,Other Buses,9,793,645,81.33669609
2010,Other Buses,10,1134,887,78.21869489
2010,Other Buses,>10,7193,5385,74.86445155
2010,Taxis,1,11663,11622,99.64846094
2010,Taxis,2,6090,6066,99.60591133
2010,Taxis,3,7510,7453,99.24101198
2010,Taxis,4,10054,9963,99.09488761
2010,Taxis,5,9659,9536,98.72657625
2010,Taxis,6,3569,3487,97.70243766
2010,Taxis,7,139,127,91.36690647
2010,Taxis,8,0,0,0
2010,Taxis,9,0,0,0
2010,Taxis,10,0,0,0
2010,Taxis,>10,0,0,0
2010,Goods & Other Vehicles,1,6952,6370,91.6283084
2010,Goods & Other Vehicles,2,10808,9782,90.50703183
2010,Goods & Other Vehicles,3,13461,12081,89.74816136
2010,Goods & Other Vehicles,4,14258,12521,87.81736569
2010,Goods & Other Vehicles,5,15660,13520,86.33461047
2010,Goods & Other Vehicles,6,16294,13926,85.46704308
2010,Goods & Other Vehicles,7,14181,11961,84.34525069
2010,Goods & Other Vehicles,8,7959,6578,82.64857394
2010,Goods & Other Vehicles,9,11243,9181,81.65969937
2010,Goods & Other Vehicles,10,17152,14037,81.83885261
2010,Goods & Other Vehicles,>10,69401,55859,80.48731286
2011,Cars,1,157,155,98.72611465
2011,Cars,2,22129,20972,94.77156672
2011,Cars,3,75199,70077,93.18873921
2011,Cars,4,28176,26590,94.37109597
2011,Cars,5,87832,82015,93.37712906
2011,Cars,6,13620,12846,94.31718062
2011,Cars,7,25314,23693,93.59642885
2011,Cars,8,1568,1497,95.47193878
2011,Cars,9,2963,2758,93.08133648
2011,Cars,10,175,163,93.14285714
2011,Cars,>10,12300,10595,86.13821138
2011,Motorcycles,1,60,58,96.66666667
2011,Motorcycles,2,2022,1857,91.83976261
2011,Motorcycles,3,10414,9661,92.76934895
2011,Motorcycles,4,10206,9443,92.52400549
2011,Motorcycles,5,11028,10311,93.49836779
2011,Motorcycles,6,11028,10429,94.56837142
2011,Motorcycles,7,11128,10503,94.38353702
2011,Motorcycles,8,13750,12995,94.50909091
2011,Motorcycles,9,11858,11220,94.61966605
2011,Motorcycles,10,5882,5580,94.86569194
2011,Motorcycles,>10,30336,28593,94.25435127
2011,Scheduled Buses,1,334,332,99.4011976
2011,Scheduled Buses,2,531,527,99.24670433
2011,Scheduled Buses,3,347,347,100
2011,Scheduled Buses,4,56,56,100
2011,Scheduled Buses,5,148,148,100
2011,Scheduled Buses,6,3,3,100
2011,Scheduled Buses,7,42,39,92.85714286
2011,Scheduled Buses,8,28,28,100
2011,Scheduled Buses,9,57,54,94.73684211
2011,Scheduled Buses,10,200,189,94.5
2011,Scheduled Buses,>10,2054,1723,83.88510224
2011,Other Buses,1,1094,963,88.02559415
2011,Other Buses,2,943,820,86.95652174
2011,Other Buses,3,1054,911,86.43263757
2011,Other Buses,4,691,621,89.86975398
2011,Other Buses,5,849,746,87.86808009
2011,Other Buses,6,759,660,86.95652174
2011,Other Buses,7,662,543,82.02416918
2011,Other Buses,8,633,504,79.62085308
2011,Other Buses,9,513,415,80.89668616
2011,Other Buses,10,1334,1067,79.9850075
2011,Other Buses,>10,7736,5924,76.5770424
2011,Taxis,1,15701,15636,99.58601363
2011,Taxis,2,6321,6265,99.11406423
2011,Taxis,3,6081,6031,99.17776681
2011,Taxis,4,6739,6685,99.19869417
2011,Taxis,5,8037,7941,98.80552445
2011,Taxis,6,7716,7530,97.58942457
2011,Taxis,7,1443,1383,95.84199584
2011,Taxis,8,0,0,0
2011,Taxis,9,0,0,0
2011,Taxis,10,0,0,0
2011,Taxis,>10,0,0,0
2011,Goods & Other Vehicles,1,6792,6270,92.31448763
2011,Goods & Other Vehicles,2,7130,6397,89.71949509
2011,Goods & Other Vehicles,3,11265,10004,88.8060364
2011,Goods & Other Vehicles,4,12888,11364,88.17504655
2011,Goods & Other Vehicles,5,15127,12988,85.85972103
2011,Goods & Other Vehicles,6,16027,13481,84.11430711
2011,Goods & Other Vehicles,7,15953,13402,84.00927725
2011,Goods & Other Vehicles,8,13000,10829,83.3
2011,Goods & Other Vehicles,9,6695,5484,81.91187453
2011,Goods & Other Vehicles,10,18988,15268,80.40867917
2011,Goods & Other Vehicles,>10,83726,67582,80.71805652
2012,Cars,1,210,204,97.14285714
2012,Cars,2,52162,49610,95.10754956
2012,Cars,3,15746,14567,92.5123841
2012,Cars,4,78846,74211,94.12145194
2012,Cars,5,26172,24024,91.79275562
2012,Cars,6,69269,65044,93.90059045
2012,Cars,7,20375,18529,90.9398773
2012,Cars,8,8456,8003,94.64285714
2012,Cars,9,2431,2212,90.99136158
2012,Cars,10,433,400,92.37875289
2012,Cars,>10,9778,8474,86.66393946
2012,Motorcycles,1,185,174,94.05405405
2012,Motorcycles,2,6080,5501,90.47697368
2012,Motorcycles,3,9100,8323,91.46153846
2012,Motorcycles,4,9694,8930,92.11883639
2012,Motorcycles,5,10004,9180,91.76329468
2012,Motorcycles,6,10480,9767,93.19656489
2012,Motorcycles,7,10228,9552,93.39069222
2012,Motorcycles,8,11088,10368,93.50649351
2012,Motorcycles,9,11049,10385,93.99040637
2012,Motorcycles,10,7243,6792,93.77329836
2012,Motorcycles,>10,29963,27859,92.97800621
2012,Scheduled Buses,1,608,598,98.35526316
2012,Scheduled Buses,2,484,484,100
2012,Scheduled Buses,3,250,247,98.8
2012,Scheduled Buses,4,285,284,99.64912281
2012,Scheduled Buses,5,108,103,95.37037037
2012,Scheduled Buses,6,82,82,100
2012,Scheduled Buses,7,3,3,100
2012,Scheduled Buses,8,35,33,94.28571429
2012,Scheduled Buses,9,45,44,97.77777778
2012,Scheduled Buses,10,68,65,95.58823529
2012,Scheduled Buses,>10,2023,1524,75.33366288
2012,Other Buses,1,1638,1434,87.54578755
2012,Other Buses,2,857,748,87.28121354
2012,Other Buses,3,1013,879,86.77196446
2012,Other Buses,4,878,775,88.26879271
2012,Other Buses,5,793,699,88.14627995
2012,Other Buses,6,750,633,84.4
2012,Other Buses,7,706,586,83.00283286
2012,Other Buses,8,592,487,82.26351351
2012,Other Buses,9,544,446,81.98529412
2012,Other Buses,10,732,600,81.96721311
2012,Other Buses,>10,8113,6325,77.96129668
2012,Taxis,1,14349,14312,99.74214231
2012,Taxis,2,8584,8548,99.5806151
2012,Taxis,3,5863,5827,99.38597987
2012,Taxis,4,6587,6528,99.10429634
2012,Taxis,5,6309,6232,98.77952132
2012,Taxis,6,6403,6310,98.54755583
2012,Taxis,7,4928,4898,99.39123377
2012,Taxis,8,13,10,76.92307692
2012,Taxis,9,0,0,0
2012,Taxis,10,0,0,0
2012,Taxis,>10,0,0,0
2012,Goods & Other Vehicles,1,10205,9443,92.53307202
2012,Goods & Other Vehicles,2,6296,5685,90.29542567
2012,Goods & Other Vehicles,3,8877,7970,89.78258421
2012,Goods & Other Vehicles,4,12168,10666,87.65614727
2012,Goods & Other Vehicles,5,13883,12029,86.64553771
2012,Goods & Other Vehicles,6,14712,12486,84.86949429
2012,Goods & Other Vehicles,7,15705,13255,84.39987265
2012,Goods & Other Vehicles,8,14518,12168,83.81319741
2012,Goods & Other Vehicles,9,8788,7294,82.99954483
2012,Goods & Other Vehicles,10,9004,7444,82.67436695
2012,Goods & Other Vehicles,>10,100693,82458,81.89049884
2013,Cars,1,149,145,97.31543624
2013,Cars,2,29709,27800,93.57433774
2013,Cars,3,9568,8710,91.0326087
2013,Cars,4,73609,68929,93.64208181
2013,Cars,5,23303,21276,91.30154916
2013,Cars,6,88477,81910,92.57773207
2013,Cars,7,27736,24621,88.76910874
2013,Cars,8,23971,22168,92.47841141
2013,Cars,9,6284,5535,88.08084023
2013,Cars,10,330,310,93.93939394
2013,Cars,>10,9440,7938,84.08898305
2013,Motorcycles,1,53,49,92.45283019
2013,Motorcycles,2,5619,4922,87.59565759
2013,Motorcycles,3,8213,7309,88.99305978
2013,Motorcycles,4,9014,8019,88.96161527
2013,Motorcycles,5,9602,8496,88.48156634
2013,Motorcycles,6,9768,8524,87.26453726
2013,Motorcycles,7,10252,9136,89.11431916
2013,Motorcycles,8,9397,8423,89.63498989
2013,Motorcycles,9,9286,8317,89.56493646
2013,Motorcycles,10,9237,8318,90.05088232
2013,Motorcycles,>10,32737,28625,87.43928888
2013,Scheduled Buses,1,922,910,98.69848156
2013,Scheduled Buses,2,198,197,99.49494949
2013,Scheduled Buses,3,424,419,98.82075472
2013,Scheduled Buses,4,343,337,98.25072886
2013,Scheduled Buses,5,266,264,99.2481203
2013,Scheduled Buses,6,117,116,99.14529915
2013,Scheduled Buses,7,63,63,100
2013,Scheduled Buses,8,3,3,100
2013,Scheduled Buses,9,20,20,100
2013,Scheduled Buses,10,64,60,93.75
2013,Scheduled Buses,>10,1431,1263,88.25995807
2013,Other Buses,1,1299,1127,86.75904542
2013,Other Buses,2,966,812,84.05797101
2013,Other Buses,3,882,739,83.78684807
2013,Other Buses,4,1041,863,82.90105668
2013,Other Buses,5,885,759,85.76271186
2013,Other Buses,6,772,654,84.71502591
2013,Other Buses,7,758,637,84.03693931
2013,Other Buses,8,717,597,83.26359833
2013,Other Buses,9,580,473,81.55172414
2013,Other Buses,10,716,578,80.72625698
2013,Other Buses,>10,8049,6300,78.27059262
2013,Taxis,1,12266,12248,99.85325289
2013,Taxis,2,9256,9247,99.90276577
2013,Taxis,3,8660,8641,99.78060046
2013,Taxis,4,6027,5998,99.51883192
2013,Taxis,5,6418,6380,99.40791524
2013,Taxis,6,6083,6033,99.17803715
2013,Taxis,7,4580,4551,99.36681223
2013,Taxis,8,0,0,0
2013,Taxis,9,0,0,0
2013,Taxis,10,0,0,0
2013,Taxis,>10,0,0,0
2013,Goods & Other Vehicles,1,9627,8681,90.17347045
2013,Goods & Other Vehicles,2,5606,5052,90.117731
2013,Goods & Other Vehicles,3,6331,5578,88.10614437
2013,Goods & Other Vehicles,4,9045,7874,87.05362078
2013,Goods & Other Vehicles,5,12244,10582,86.42600457
2013,Goods & Other Vehicles,6,13824,11739,84.91753472
2013,Goods & Other Vehicles,7,14747,12263,83.15589611
2013,Goods & Other Vehicles,8,15772,13044,82.70352523
2013,Goods & Other Vehicles,9,12495,10158,81.29651861
2013,Goods & Other Vehicles,10,12150,9931,81.73662551
2013,Goods & Other Vehicles,>10,106469,86012,80.78595648
2014,Cars,1,118,117,99.15254237
2014,Cars,2,21376,19885,93.02488772
2014,Cars,3,6858,6274,91.48439778
2014,Cars,4,52209,49545,94.89743148
2014,Cars,5,15859,14699,92.68554133
2014,Cars,6,78928,73257,92.81497061
2014,Cars,7,25852,23535,91.03744391
2014,Cars,8,66313,61378,92.5580203
2014,Cars,9,18817,17034,90.52452569
2014,Cars,10,592,554,93.58108108
2014,Cars,>10,9135,7824,85.64860427
2014,Motorcycles,1,0,0,0
2014,Motorcycles,2,5489,5058,92.14793223
2014,Motorcycles,3,7766,7218,92.94360031
2014,Motorcycles,4,8124,7519,92.55292959
2014,Motorcycles,5,8822,8114,91.97460893
2014,Motorcycles,6,9430,8637,91.59066808
2014,Motorcycles,7,9445,8489,89.87824246
2014,Motorcycles,8,9688,8845,91.29851363
2014,Motorcycles,9,7531,6915,91.82047537
2014,Motorcycles,10,7591,6934,91.34501383
2014,Motorcycles,>10,39022,34624,88.72943468
2014,Scheduled Buses,1,1085,1068,98.43317972
2014,Scheduled Buses,2,477,466,97.69392034
2014,Scheduled Buses,3,232,223,96.12068966
2014,Scheduled Buses,4,434,419,96.5437788
2014,Scheduled Buses,5,396,392,98.98989899
2014,Scheduled Buses,6,303,294,97.02970297
2014,Scheduled Buses,7,143,134,93.70629371
2014,Scheduled Buses,8,69,61,88.4057971
2014,Scheduled Buses,9,4,4,100
2014,Scheduled Buses,10,29,27,93.10344828
2014,Scheduled Buses,>10,1126,950,84.36944938
2014,Other Buses,1,1166,1015,87.04974271
2014,Other Buses,2,912,779,85.41666667
2014,Other Buses,3,965,802,83.10880829
2014,Other Buses,4,872,717,82.22477064
2014,Other Buses,5,1089,890,81.72635445
2014,Other Buses,6,870,730,83.90804598
2014,Other Buses,7,789,662,83.90367554
2014,Other Buses,8,733,603,82.26466576
2014,Other Buses,9,636,520,81.76100629
2014,Other Buses,10,808,638,78.96039604
2014,Other Buses,>10,7254,5724,78.90818859
2014,Taxis,1,12921,12904,99.86843124
2014,Taxis,2,6637,6629,99.87946361
2014,Taxis,3,9111,9091,99.78048513
2014,Taxis,4,8465,8450,99.82279976
2014,Taxis,5,5941,5911,99.49503451
2014,Taxis,6,6022,5978,99.26934573
2014,Taxis,7,4115,4093,99.4653706
2014,Taxis,8,0,0,0
2014,Taxis,9,0,0,0
2014,Taxis,10,0,0,0
2014,Taxis,>10,0,0,0
2014,Goods & Other Vehicles,1,10539,9514,90.27421957
2014,Goods & Other Vehicles,2,6051,5405,89.32407866
2014,Goods & Other Vehicles,3,5627,5002,88.8928381
2014,Goods & Other Vehicles,4,6300,5500,87.3015873
2014,Goods & Other Vehicles,5,8936,7597,85.01566697
2014,Goods & Other Vehicles,6,12383,10465,84.51102318
2014,Goods & Other Vehicles,7,13756,11395,82.8365804
2014,Goods & Other Vehicles,8,14630,11938,81.59945318
2014,Goods & Other Vehicles,9,14397,11892,82.60054178
2014,Goods & Other Vehicles,10,18967,15725,82.90715453
2014,Goods & Other Vehicles,>10,108312,89506,82.63719625
2015,Cars,1,119,115,96.63865546
2015,Cars,2,20707,19573,94.52359106
2015,Cars,3,6679,6125,91.70534511
2015,Cars,4,29356,27975,95.29568061
2015,Cars,5,9748,8986,92.1830119
2015,Cars,6,73160,69164,94.53799891
2015,Cars,7,23232,21306,91.70971074
2015,Cars,8,86701,81135,93.58023552
2015,Cars,9,27449,24805,90.3675908
2015,Cars,10,1889,1782,94.33562732
2015,Cars,>10,9740,8570,87.98767967
2015,Motorcycles,1,0,0,0
2015,Motorcycles,2,6856,6535,95.31796966
2015,Motorcycles,3,8388,8053,96.00619933
2015,Motorcycles,4,7789,7440,95.51932212
2015,Motorcycles,5,8163,7795,95.49185349
2015,Motorcycles,6,8717,8292,95.12446943
2015,Motorcycles,7,9342,8860,94.84050525
2015,Motorcycles,8,9277,8751,94.3300636
2015,Motorcycles,9,7058,6681,94.6585435
2015,Motorcycles,10,5661,5436,96.0254372
2015,Motorcycles,>10,44298,41524,93.73786627
2015,Scheduled Buses,1,1366,1338,97.95021962
2015,Scheduled Buses,2,581,572,98.45094664
2015,Scheduled Buses,3,474,467,98.52320675
2015,Scheduled Buses,4,248,243,97.98387097
2015,Scheduled Buses,5,423,416,98.34515366
2015,Scheduled Buses,6,349,346,99.14040115
2015,Scheduled Buses,7,347,335,96.54178674
2015,Scheduled Buses,8,138,135,97.82608696
2015,Scheduled Buses,9,69,67,97.10144928
2015,Scheduled Buses,10,5,5,100
2015,Scheduled Buses,>10,714,693,97.05882353
2015,Other Buses,1,1491,1278,85.71428571
2015,Other Buses,2,681,585,85.9030837
2015,Other Buses,3,900,767,85.22222222
2015,Other Buses,4,991,828,83.55196771
2015,Other Buses,5,846,711,84.04255319
2015,Other Buses,6,1064,906,85.15037594
2015,Other Buses,7,872,751,86.12385321
2015,Other Buses,8,770,673,87.4025974
2015,Other Buses,9,731,633,86.59370725
2015,Other Buses,10,953,816,85.62434418
2015,Other Buses,>10,6870,5674,82.59097525
2015,Taxis,1,14386,14377,99.93743918
2015,Taxis,2,7093,7086,99.90131115
2015,Taxis,3,6512,6498,99.78501229
2015,Taxis,4,9111,9083,99.69267918
2015,Taxis,5,8329,8298,99.62780646
2015,Taxis,6,5318,5302,99.69913501
2015,Taxis,7,3169,3155,99.55822026
2015,Taxis,8,0,0,0
2015,Taxis,9,0,0,0
2015,Taxis,10,0,0,0
2015,Taxis,>10,0,0,0
2015,Goods & Other Vehicles,1,18211,16836,92.44961836
2015,Goods & Other Vehicles,2,5645,5193,91.99291408
2015,Goods & Other Vehicles,3,6062,5458,90.03629165
2015,Goods & Other Vehicles,4,5534,5029,90.87459342
2015,Goods & Other Vehicles,5,6254,5504,88.00767509
2015,Goods & Other Vehicles,6,8886,7726,86.94575737
2015,Goods & Other Vehicles,7,12258,10532,85.91939958
2015,Goods & Other Vehicles,8,13533,11556,85.39126579
2015,Goods & Other Vehicles,9,12526,10569,84.37649689
2015,Goods & Other Vehicles,10,21083,17822,84.53256178
2015,Goods & Other Vehicles,>10,113594,96647,85.08107823
2016,Cars,1,270,262,97.03703704
2016,Cars,2,16952,16311,96.21873525
2016,Cars,3,5252,4884,92.99314547
2016,Cars,4,21306,20331,95.42382427
2016,Cars,5,6914,6328,91.52444316
2016,Cars,6,51807,49622,95.78242322
2016,Cars,7,16087,14799,91.99353515
2016,Cars,8,77948,73469,94.25386155
2016,Cars,9,25525,22955,89.93143976
2016,Cars,10,8956,8548,95.44439482
2016,Cars,>10,12598,11441,90.81600254
2016,Motorcycles,1,0,0,0
2016,Motorcycles,2,8050,7820,97.14285714
2016,Motorcycles,3,10206,9906,97.06055262
2016,Motorcycles,4,8198,7902,96.38936326
2016,Motorcycles,5,7598,7323,96.38062648
2016,Motorcycles,6,7993,7680,96.08407356
2016,Motorcycles,7,8490,8171,96.2426384
2016,Motorcycles,8,9057,8689,95.93684443
2016,Motorcycles,9,6922,6652,96.09939324
2016,Motorcycles,10,5034,4842,96.18593564
2016,Motorcycles,>10,46151,43867,95.05102815
2016,Scheduled Buses,1,1663,1625,97.71497294
2016,Scheduled Buses,2,591,587,99.32318105
2016,Scheduled Buses,3,579,575,99.30915371
2016,Scheduled Buses,4,443,436,98.41986456
2016,Scheduled Buses,5,246,240,97.56097561
2016,Scheduled Buses,6,363,357,98.34710744
2016,Scheduled Buses,7,344,335,97.38372093
2016,Scheduled Buses,8,312,311,99.67948718
2016,Scheduled Buses,9,129,128,99.2248062
2016,Scheduled Buses,10,80,79,98.75
2016,Scheduled Buses,>10,443,437,98.64559819
2016,Other Buses,1,1827,1559,85.33114395
2016,Other Buses,2,840,725,86.30952381
2016,Other Buses,3,664,572,86.14457831
2016,Other Buses,4,904,743,82.19026549
2016,Other Buses,5,954,806,84.48637317
2016,Other Buses,6,845,696,82.36686391
2016,Other Buses,7,1031,841,81.57129001
2016,Other Buses,8,880,737,83.75
2016,Other Buses,9,735,640,87.07482993
2016,Other Buses,10,980,860,87.75510204
2016,Other Buses,>10,6446,5542,85.97579895
2016,Taxis,1,14550,14537,99.91065292
2016,Taxis,2,8044,8035,99.88811537
2016,Taxis,3,7061,7044,99.7592409
2016,Taxis,4,6209,6196,99.79062651
2016,Taxis,5,8986,8960,99.71066103
2016,Taxis,6,7895,7870,99.68334389
2016,Taxis,7,1947,1938,99.53775039
2016,Taxis,8,0,0,0
2016,Taxis,9,0,0,0
2016,Taxis,10,0,0,0
2016,Taxis,>10,0,0,0
2016,Goods & Other Vehicles,1,24936,23272,93.32691691
2016,Goods & Other Vehicles,2,8773,8209,93.57118432
2016,Goods & Other Vehicles,3,5674,5235,92.26295382
2016,Goods & Other Vehicles,4,5957,5391,90.49857311
2016,Goods & Other Vehicles,5,5544,5021,90.56637807
2016,Goods & Other Vehicles,6,6232,5538,88.86392811
2016,Goods & Other Vehicles,7,8771,7713,87.93752138
2016,Goods & Other Vehicles,8,12313,10734,87.17615528
2016,Goods & Other Vehicles,9,10337,9012,87.18196769
2016,Goods & Other Vehicles,10,15327,13256,86.48789717
2016,Goods & Other Vehicles,>10,115367,100509,87.12110049
2017,Cars,1,296,294,99.32432432
2017,Cars,2,23323,22834,97.9033572
2017,Cars,3,6623,6324,95.48542956
2017,Cars,4,20022,19374,96.76356008
2017,Cars,5,6601,6150,93.16770186
2017,Cars,6,28985,27787,95.86682767
2017,Cars,7,9858,9052,91.82389937
2017,Cars,8,71622,67960,94.88704588
2017,Cars,9,22923,20739,90.47245125
2017,Cars,10,23102,21961,95.06103368
2017,Cars,>10,26495,24667,93.10058502
2017,Motorcycles,1,0,0,0
2017,Motorcycles,2,5251,5107,97.25766521
2017,Motorcycles,3,10329,10015,96.96001549
2017,Motorcycles,4,10084,9806,97.24315748
2017,Motorcycles,5,8048,7743,96.21023857
2017,Motorcycles,6,7552,7261,96.1467161
2017,Motorcycles,7,7779,7517,96.63195784
2017,Motorcycles,8,8268,7961,96.28688921
2017,Motorcycles,9,7250,6934,95.64137931
2017,Motorcycles,10,5343,5117,95.77016657
2017,Motorcycles,>10,45218,43186,95.50621434
2017,Scheduled Buses,1,1502,1493,99.40079893
2017,Scheduled Buses,2,1048,1045,99.71374046
2017,Scheduled Buses,3,596,592,99.32885906
2017,Scheduled Buses,4,675,675,100
2017,Scheduled Buses,5,495,489,98.78787879
2017,Scheduled Buses,6,160,159,99.375
2017,Scheduled Buses,7,580,574,98.96551724
2017,Scheduled Buses,8,498,495,99.39759036
2017,Scheduled Buses,9,370,368,99.45945946
2017,Scheduled Buses,10,164,163,99.3902439
2017,Scheduled Buses,>10,405,397,98.02469136
2017,Other Buses,1,1968,1756,89.22764228
2017,Other Buses,2,1033,908,87.89932236
2017,Other Buses,3,838,749,89.37947494
2017,Other Buses,4,671,590,87.92846498
2017,Other Buses,5,871,768,88.17451206
2017,Other Buses,6,972,828,85.18518519
2017,Other Buses,7,825,694,84.12121212
2017,Other Buses,8,998,842,84.36873747
2017,Other Buses,9,818,719,87.89731051
2017,Other Buses,10,1010,896,88.71287129
2017,Other Buses,>10,5596,4930,88.09864189
2017,Taxis,1,12955,12923,99.75299112
2017,Taxis,2,7472,7409,99.15685225
2017,Taxis,3,7949,7907,99.47163165
2017,Taxis,4,6259,6232,99.56862119
2017,Taxis,5,5439,5419,99.63228535
2017,Taxis,6,7179,7152,99.62390305
2017,Taxis,7,2079,2061,99.13419913
2017,Taxis,8,0,0,0
2017,Taxis,9,0,0,0
2017,Taxis,10,0,0,0
2017,Taxis,>10,0,0,0
2017,Goods & Other Vehicles,1,28026,26448,94.36951402
2017,Goods & Other Vehicles,2,13736,12918,94.04484566
2017,Goods & Other Vehicles,3,8813,8222,93.2939975
2017,Goods & Other Vehicles,4,5670,5209,91.86948854
2017,Goods & Other Vehicles,5,6145,5613,91.34255492
2017,Goods & Other Vehicles,6,5388,4878,90.53452116
2017,Goods & Other Vehicles,7,5937,5325,89.69176352
2017,Goods & Other Vehicles,8,8683,7712,88.81722907
2017,Goods & Other Vehicles,9,10279,9168,89.1915556
2017,Goods & Other Vehicles,10,13017,11649,89.49066605
2017,Goods & Other Vehicles,>10,97015,85871,88.51311653
